               epoch,      train/box_loss,      train/obj_loss,      train/cls_loss,   metrics/precision,      metrics/recall,     metrics/mAP_0.5,metrics/mAP_0.5:0.95,        val/box_loss,        val/obj_loss,        val/cls_loss,               x/lr0,               x/lr1,               x/lr2
                   0,             0.11304,            0.051479,            0.028913,            0.098345,            0.044044,            0.016628,           0.0032965,            0.076022,            0.034103,            0.018214,             0.00015,             0.00015,             0.09865
                   1,             0.09626,            0.041035,            0.028605,            0.053243,            0.095768,            0.028968,           0.0063985,            0.052514,            0.034281,            0.016988,          0.00030998,          0.00030998,             0.09721
                   2,            0.089079,            0.043149,            0.027728,            0.078503,             0.28056,            0.084132,            0.024947,            0.047338,            0.031377,            0.016061,           0.0004699,           0.0004699,             0.09577
                   3,            0.077591,            0.043151,            0.026187,               0.243,             0.60172,              0.2496,            0.067399,            0.041158,            0.028545,            0.014606,          0.00062969,          0.00062969,             0.09433
                   4,            0.073126,            0.041873,            0.024156,             0.49153,             0.65486,             0.46852,             0.18653,             0.03671,            0.025313,            0.013643,           0.0007893,           0.0007893,            0.092889
                   5,            0.066176,            0.037357,            0.022572,             0.70436,             0.71034,              0.7519,              0.3276,            0.029041,            0.023278,            0.012508,          0.00094868,          0.00094868,            0.091449
                   6,             0.05954,            0.034809,            0.021637,             0.83601,             0.72105,             0.81577,             0.34287,              0.0269,            0.019743,            0.010449,           0.0011078,           0.0011078,            0.090008
                   7,            0.056182,            0.035047,            0.018317,             0.85554,             0.80447,             0.85248,             0.37134,            0.023994,            0.017802,           0.0089055,           0.0012665,           0.0012665,            0.088567
                   8,            0.053705,            0.032528,            0.015947,             0.82654,              0.8047,             0.86881,             0.46573,             0.02334,            0.015949,           0.0071468,           0.0014249,           0.0014249,            0.087125
                   9,            0.053137,            0.031443,            0.013327,             0.87358,             0.83966,             0.91842,             0.56652,            0.021811,            0.015136,            0.005816,           0.0015829,           0.0015829,            0.085683
                  10,            0.056301,            0.029818,            0.010118,             0.55066,             0.72712,             0.60147,             0.22119,            0.040092,            0.014503,           0.0042725,           0.0017403,           0.0017403,             0.08424
                  11,            0.053155,            0.029621,           0.0089995,             0.82977,             0.73303,             0.85949,             0.40239,            0.030002,            0.014236,           0.0031725,           0.0018972,           0.0018972,            0.082797
                  12,            0.051375,             0.02798,           0.0075431,             0.81996,             0.80024,             0.89956,             0.23525,             0.03918,            0.013573,           0.0031029,           0.0020535,           0.0020535,            0.081354
                  13,            0.051445,            0.026796,           0.0069271,              0.6727,             0.71405,             0.75154,              0.3325,            0.031114,            0.013928,           0.0025498,           0.0022092,           0.0022092,            0.079909
                  14,             0.05206,            0.026473,           0.0071819,             0.96296,             0.82805,             0.90536,             0.42636,            0.031682,             0.01354,           0.0027574,           0.0023641,           0.0023641,            0.078464
                  15,            0.050705,             0.02641,           0.0064427,             0.74743,             0.81358,             0.82352,             0.48687,            0.032637,            0.013292,           0.0029724,           0.0025183,           0.0025183,            0.077018
                  16,            0.051111,            0.022761,           0.0055678,             0.71046,              0.7627,             0.78269,             0.20745,            0.031686,            0.012586,            0.002629,           0.0026717,           0.0026717,            0.075572
                  17,            0.049699,            0.026142,           0.0056336,             0.84716,             0.76301,             0.87961,             0.51435,            0.033236,            0.011761,           0.0024039,           0.0028242,           0.0028242,            0.074124
                  18,            0.047773,            0.026229,           0.0058097,             0.49028,             0.77529,             0.63259,             0.22557,            0.040897,            0.011884,           0.0024755,           0.0029759,           0.0029759,            0.072676
                  19,            0.051762,            0.025135,            0.005253,             0.65477,             0.77787,             0.79444,             0.29629,            0.035013,            0.011609,           0.0021104,           0.0031265,           0.0031265,            0.071227
                  20,            0.049469,            0.026272,           0.0044996,             0.56471,             0.87508,              0.6563,             0.25619,            0.035634,            0.011639,           0.0020411,           0.0032762,           0.0032762,            0.069776
                  21,            0.049226,            0.025819,           0.0043324,             0.59435,             0.64091,             0.69955,             0.38516,            0.031586,            0.011601,           0.0019524,           0.0034248,           0.0034248,            0.068325
                  22,             0.04879,            0.024263,           0.0047539,             0.89307,             0.83144,             0.91437,             0.49797,            0.030145,            0.011327,            0.002102,           0.0035724,           0.0035724,            0.066872
                  23,             0.05016,            0.023812,           0.0049662,             0.95087,             0.97666,             0.98831,             0.54483,            0.024026,            0.011284,           0.0020452,           0.0037187,           0.0037187,            0.065419
                  24,            0.046735,            0.025229,           0.0051277,             0.94396,             0.96411,              0.9844,              0.7518,            0.019728,            0.010478,           0.0018496,           0.0038639,           0.0038639,            0.063964
                  25,            0.044408,            0.024763,           0.0046182,              0.7696,             0.86646,             0.88032,             0.41187,            0.026698,            0.011205,           0.0019931,           0.0040078,           0.0040078,            0.062508
                  26,            0.045072,            0.023503,           0.0039612,             0.72298,             0.85773,             0.84653,             0.42974,            0.028313,            0.010713,           0.0017642,           0.0041505,           0.0041505,             0.06105
                  27,            0.041719,            0.023429,           0.0035218,             0.57771,             0.79514,             0.68391,             0.22593,            0.032007,            0.010833,           0.0018333,           0.0042918,           0.0042918,            0.059592
                  28,            0.042912,              0.0243,           0.0037311,             0.92262,             0.79186,             0.93493,             0.54483,            0.027289,           0.0098901,            0.001671,           0.0044317,           0.0044317,            0.058132
                  29,            0.041674,            0.021429,           0.0035783,             0.93231,             0.99999,              0.9851,             0.66604,            0.018103,            0.010151,            0.001853,           0.0045702,           0.0045702,             0.05667
                  30,            0.041209,             0.02442,           0.0032211,             0.97213,             0.90133,             0.96307,             0.52091,            0.021956,            0.010223,           0.0016461,           0.0047072,           0.0047072,            0.055207
                  31,            0.046056,            0.022632,           0.0041998,             0.84035,             0.86787,             0.91064,              0.5945,            0.027127,            0.010822,           0.0018812,           0.0048427,           0.0048427,            0.053743
                  32,            0.043917,            0.023752,           0.0041412,             0.95463,             0.88065,             0.96797,             0.56917,             0.01994,            0.010076,           0.0020555,           0.0049767,           0.0049767,            0.052277
                  33,             0.04368,            0.024673,           0.0035584,             0.95983,             0.91892,             0.97174,             0.53952,            0.023764,           0.0095994,           0.0018017,            0.005109,            0.005109,            0.050809
                  34,            0.040987,            0.022857,            0.005031,             0.97065,             0.98223,              0.9855,             0.62365,            0.019739,             0.01016,             0.00181,           0.0052397,           0.0052397,             0.04934
                  35,            0.041551,            0.022356,           0.0040547,             0.89104,             0.81299,             0.94958,             0.39418,            0.026711,            0.010136,           0.0016265,           0.0053687,           0.0053687,            0.047869
                  36,            0.039177,            0.022067,           0.0042164,             0.79567,             0.98229,             0.93575,             0.66792,             0.01881,           0.0098495,           0.0017583,            0.005496,            0.005496,            0.046396
                  37,            0.042629,            0.022781,           0.0036028,             0.94215,             0.97024,             0.95713,             0.67594,             0.01888,           0.0099218,           0.0017755,           0.0056215,           0.0056215,            0.044922
                  38,            0.038165,            0.023169,           0.0043664,              0.9787,             0.97315,             0.98552,             0.73892,            0.015369,           0.0093851,           0.0018047,           0.0057452,           0.0057452,            0.043445
                  39,            0.040655,             0.02414,            0.003617,             0.85625,             0.96202,             0.97935,             0.70638,             0.01793,             0.01011,           0.0017658,           0.0058671,           0.0058671,            0.041967
                  40,            0.036991,            0.024617,           0.0038047,             0.77018,             0.97288,             0.92972,             0.48277,            0.019966,            0.010326,           0.0018513,           0.0059871,           0.0059871,            0.040487
                  41,            0.036853,            0.021394,           0.0036269,             0.98201,               0.969,             0.99059,             0.74237,            0.014563,           0.0093795,            0.001702,           0.0061051,           0.0061051,            0.039005
                  42,            0.037351,            0.021763,           0.0038797,             0.95807,             0.97924,             0.98715,             0.72721,            0.017569,           0.0096993,           0.0016273,           0.0062213,           0.0062213,            0.037521
                  43,             0.03863,            0.022873,           0.0046398,             0.96578,             0.98047,             0.98901,             0.70284,            0.017232,            0.009749,           0.0016818,           0.0063354,           0.0063354,            0.036035
                  44,            0.041144,            0.021435,           0.0070693,             0.96581,             0.97553,             0.98511,             0.78373,            0.015821,            0.010538,           0.0019094,           0.0064475,           0.0064475,            0.034547
                  45,            0.037467,            0.022499,           0.0043501,             0.99091,             0.96411,               0.992,             0.79503,            0.014143,           0.0092351,           0.0016816,           0.0065575,           0.0065575,            0.033058
                  46,            0.035027,            0.021921,           0.0032735,             0.97318,             0.93127,             0.97943,             0.74865,            0.021129,           0.0095528,           0.0015409,           0.0066655,           0.0066655,            0.031566
                  47,            0.037827,              0.0221,           0.0033139,             0.95715,             0.98626,             0.98452,             0.73791,            0.015098,           0.0099938,           0.0015207,           0.0067713,           0.0067713,            0.030071
                  48,            0.036081,            0.023387,           0.0035028,             0.97333,             0.97784,             0.97617,             0.72669,            0.014989,             0.01031,           0.0016003,            0.006875,            0.006875,            0.028575
                  49,            0.035768,            0.021825,           0.0043403,             0.97386,             0.97749,             0.98873,             0.76848,             0.01522,            0.010578,           0.0014201,           0.0069765,           0.0069765,            0.027077
                  50,            0.029336,            0.021035,           0.0033667,             0.72757,             0.97401,             0.97147,             0.66919,            0.015584,             0.01162,            0.010212,           0.0070758,           0.0070758,            0.025576
                  51,            0.032638,            0.021058,           0.0032599,             0.76101,              0.9732,             0.97598,             0.68271,            0.013751,           0.0096892,           0.0099794,           0.0071729,           0.0071729,            0.024073
                  52,             0.03504,            0.022546,           0.0035038,             0.93159,              0.9732,             0.94395,             0.74356,            0.016149,           0.0098459,           0.0031879,           0.0072677,           0.0072677,            0.022568
                  53,            0.031092,             0.01977,           0.0030946,             0.97227,             0.91143,             0.96663,             0.64654,            0.018029,           0.0090685,           0.0017141,           0.0073601,           0.0073601,             0.02106
                  54,            0.034922,            0.020017,           0.0030722,             0.94867,              0.9645,             0.98002,              0.7578,            0.019738,           0.0095954,           0.0014782,           0.0074503,           0.0074503,             0.01955
                  55,            0.037129,            0.020635,           0.0034569,             0.95797,             0.97482,             0.98349,              0.5732,            0.022939,           0.0093925,           0.0013762,           0.0075382,           0.0075382,            0.018038
                  56,            0.038026,            0.021325,           0.0026555,             0.97803,             0.97318,              0.9904,             0.76187,            0.012855,           0.0092306,           0.0014725,           0.0076236,           0.0076236,            0.016524
                  57,            0.034996,            0.023108,           0.0037551,             0.98084,             0.98229,             0.98941,             0.66714,            0.017222,            0.010028,           0.0014286,           0.0077067,           0.0077067,            0.015007
                  58,            0.041531,             0.02119,           0.0026761,             0.90314,             0.98229,              0.9822,             0.71981,            0.017929,           0.0096691,           0.0014427,           0.0077874,           0.0077874,            0.013487
                  59,            0.039953,            0.021267,           0.0032132,             0.98099,             0.98229,             0.98659,             0.72527,            0.014874,           0.0099622,           0.0014722,           0.0078656,           0.0078656,            0.011966
                  60,             0.03849,            0.020612,           0.0038593,             0.96457,             0.97305,             0.99207,             0.83837,            0.018788,           0.0098269,           0.0014702,           0.0079414,           0.0079414,            0.010441
                  61,            0.040383,            0.020803,           0.0027023,             0.98227,             0.98395,             0.98936,             0.72253,            0.016882,           0.0094466,           0.0014407,           0.0080147,           0.0080147,           0.0089147
                  62,            0.037389,            0.020555,           0.0028771,             0.95008,             0.98245,             0.98926,             0.74714,            0.017285,           0.0093998,           0.0013205,           0.0080294,           0.0080294,           0.0080294
                  63,            0.042288,            0.020424,           0.0026945,             0.92268,             0.98229,             0.98728,             0.68552,            0.018344,           0.0092882,           0.0013035,           0.0080294,           0.0080294,           0.0080294
                  64,            0.035216,            0.020056,           0.0021888,             0.98173,             0.97367,             0.98349,             0.69767,            0.016408,           0.0097071,           0.0013179,           0.0079706,           0.0079706,           0.0079706
                  65,            0.035176,            0.018931,           0.0022917,             0.94083,             0.98947,             0.98122,             0.62186,            0.022556,           0.0083968,           0.0014618,           0.0079112,           0.0079112,           0.0079112
                  66,            0.035106,            0.019618,           0.0032825,             0.98213,             0.97361,                0.99,             0.77658,            0.012137,           0.0078628,            0.001566,           0.0078512,           0.0078512,           0.0078512
                  67,            0.036771,            0.020816,           0.0036642,             0.97935,             0.98229,             0.98028,              0.6776,            0.018868,           0.0079128,            0.001637,           0.0077907,           0.0077907,           0.0077907
                  68,            0.033994,            0.019845,           0.0025701,             0.98147,             0.98229,             0.98019,             0.79378,            0.013062,           0.0077183,           0.0015374,           0.0077296,           0.0077296,           0.0077296
                  69,             0.03603,            0.018951,           0.0040559,              0.9679,             0.98229,             0.98264,             0.79091,            0.013454,           0.0079577,            0.001432,           0.0076679,           0.0076679,           0.0076679
                  70,            0.030003,            0.021119,            0.003267,             0.96588,             0.98039,             0.98896,             0.81553,            0.010801,           0.0082371,           0.0015377,           0.0076057,           0.0076057,           0.0076057
                  71,            0.032037,             0.02106,           0.0039104,             0.97479,             0.99136,             0.99119,             0.73457,            0.014936,           0.0086988,           0.0011124,            0.007543,            0.007543,            0.007543
                  72,            0.036906,            0.021373,           0.0038819,             0.98901,             0.99138,             0.98406,             0.74327,            0.015405,            0.010091,           0.0011618,           0.0074797,           0.0074797,           0.0074797
                  73,             0.03382,             0.02058,           0.0048727,             0.99107,             0.98706,             0.99197,             0.76669,            0.012875,           0.0097338,           0.0011569,            0.007416,            0.007416,            0.007416
                  74,            0.035896,             0.02064,           0.0032599,              0.9909,             0.96826,             0.99302,             0.83629,            0.011634,           0.0094557,           0.0011636,           0.0073518,           0.0073518,           0.0073518
                  75,             0.03628,            0.020961,           0.0029255,             0.97377,             0.98209,             0.98994,             0.77107,            0.014415,            0.009598,           0.0012895,           0.0072872,           0.0072872,           0.0072872
                  76,            0.031391,            0.019144,           0.0031763,             0.97531,             0.97367,             0.99004,             0.80035,            0.011271,           0.0090905,           0.0014868,           0.0072221,           0.0072221,           0.0072221
                  77,            0.033182,            0.019985,           0.0048433,             0.97386,             0.97652,             0.99043,             0.80221,            0.010223,           0.0092648,           0.0021075,           0.0071566,           0.0071566,           0.0071566
                  78,            0.032865,             0.01965,           0.0035966,             0.78676,             0.96414,             0.97103,             0.78938,           0.0095765,           0.0093973,            0.007765,           0.0070906,           0.0070906,           0.0070906
                  79,             0.02859,            0.018898,           0.0025815,             0.99095,              0.9624,             0.99015,             0.82586,            0.010264,           0.0093039,           0.0031679,           0.0070243,           0.0070243,           0.0070243
                  80,            0.033691,            0.019249,           0.0025194,             0.99436,              0.9909,             0.99466,             0.79266,            0.012825,           0.0096453,           0.0012051,           0.0069576,           0.0069576,           0.0069576
                  81,            0.035632,            0.018288,           0.0041576,              0.9675,             0.94438,             0.99058,             0.79974,            0.010165,           0.0099616,           0.0044498,           0.0068906,           0.0068906,           0.0068906
                  82,            0.031002,            0.019059,           0.0040257,             0.98152,             0.92779,             0.99197,             0.81673,            0.010797,           0.0097325,           0.0025051,           0.0068232,           0.0068232,           0.0068232
                  83,            0.036205,            0.018262,           0.0028649,             0.99147,             0.95292,             0.99404,             0.85092,            0.010608,           0.0084417,           0.0010849,           0.0067555,           0.0067555,           0.0067555
                  84,            0.032354,            0.018469,           0.0043908,             0.97233,             0.99135,             0.99384,             0.84265,           0.0099746,           0.0084423,          0.00087968,           0.0066874,           0.0066874,           0.0066874
                  85,             0.02981,            0.018026,           0.0026687,              0.9908,              0.9764,             0.99362,             0.78665,             0.01195,           0.0085458,          0.00090146,           0.0066191,           0.0066191,           0.0066191
                  86,            0.032531,            0.019325,           0.0021821,             0.97736,             0.99091,             0.99361,              0.8474,           0.0093447,           0.0084233,          0.00091292,           0.0065505,           0.0065505,           0.0065505
                  87,             0.03354,            0.018648,           0.0027224,             0.96734,             0.99091,             0.99192,             0.81385,           0.0093064,           0.0080179,           0.0010326,           0.0064816,           0.0064816,           0.0064816
                  88,            0.032155,            0.017889,           0.0022991,             0.99041,             0.98225,             0.99172,             0.77588,            0.012437,           0.0086649,          0.00096914,           0.0064125,           0.0064125,           0.0064125
                  89,            0.033445,             0.01807,           0.0030553,             0.97714,             0.99091,             0.99126,             0.86882,           0.0088751,           0.0078233,           0.0010716,           0.0063432,           0.0063432,           0.0063432
                  90,            0.029955,            0.019081,            0.002158,             0.97702,             0.99087,             0.99143,             0.86671,           0.0075817,           0.0072377,           0.0010112,           0.0062737,           0.0062737,           0.0062737
                  91,            0.035334,            0.018208,           0.0020056,             0.97742,             0.99089,             0.99134,             0.84346,           0.0091761,           0.0077812,          0.00087642,            0.006204,            0.006204,            0.006204
                  92,            0.034704,            0.018083,           0.0021641,             0.98715,             0.99091,             0.99116,             0.82776,           0.0091225,           0.0077873,          0.00082354,           0.0061341,           0.0061341,           0.0061341
                  93,            0.026572,            0.016852,           0.0026194,             0.98727,             0.99091,             0.99101,             0.84646,           0.0095438,           0.0079231,          0.00074341,            0.006064,            0.006064,            0.006064
                  94,            0.031015,            0.018164,           0.0016278,             0.99079,             0.99091,             0.99116,              0.8622,            0.010165,           0.0079095,          0.00078444,           0.0059938,           0.0059938,           0.0059938
                  95,            0.029644,            0.017441,           0.0025118,             0.97744,             0.99086,             0.99078,             0.87431,           0.0082748,            0.007447,          0.00088931,           0.0059235,           0.0059235,           0.0059235
                  96,            0.032515,            0.017787,           0.0032943,              0.9878,              0.9909,             0.99075,             0.81558,             0.01017,           0.0079123,          0.00085814,           0.0058531,           0.0058531,           0.0058531
                  97,            0.028112,             0.01745,           0.0034619,             0.98844,             0.99091,              0.9909,             0.84272,           0.0085716,           0.0071861,          0.00080841,           0.0057826,           0.0057826,           0.0057826
                  98,            0.027137,            0.017951,           0.0027676,              0.9882,              0.9909,             0.99158,             0.86965,           0.0096195,           0.0082831,          0.00073093,            0.005712,            0.005712,            0.005712
                  99,             0.02538,            0.018006,           0.0022866,             0.98992,             0.99091,             0.99432,             0.83871,           0.0091264,           0.0077734,          0.00061608,           0.0056413,           0.0056413,           0.0056413
                 100,            0.025557,            0.018245,           0.0048761,             0.97762,                   1,             0.99465,             0.84539,           0.0099104,           0.0077719,           0.0006305,           0.0055707,           0.0055707,           0.0055707
                 101,            0.024048,            0.017591,           0.0017505,             0.99108,             0.99089,             0.99483,             0.82847,           0.0093765,           0.0077023,          0.00063829,              0.0055,              0.0055,              0.0055
                 102,            0.025547,            0.018087,           0.0023172,             0.98232,             0.98553,             0.99439,             0.82821,            0.011245,           0.0077232,          0.00082834,           0.0054293,           0.0054293,           0.0054293
                 103,            0.022501,            0.016838,           0.0017981,             0.99149,             0.99085,               0.994,             0.86404,           0.0091235,           0.0075264,          0.00086457,           0.0053587,           0.0053587,           0.0053587
                 104,             0.02384,            0.017511,           0.0020126,             0.98876,             0.98182,             0.99189,              0.8819,           0.0078559,           0.0071548,          0.00085864,            0.005288,            0.005288,            0.005288
                 105,            0.021275,            0.015602,           0.0016461,             0.97769,              0.9909,             0.99171,             0.85419,            0.008261,           0.0071342,          0.00088405,           0.0052174,           0.0052174,           0.0052174
                 106,            0.021982,            0.015675,           0.0018327,             0.98103,             0.98871,             0.99162,             0.86425,           0.0074785,           0.0072419,          0.00088206,           0.0051469,           0.0051469,           0.0051469
                 107,            0.021371,            0.015855,           0.0014839,              0.9817,             0.98802,             0.99167,             0.87131,            0.008619,           0.0071385,          0.00082909,           0.0050765,           0.0050765,           0.0050765
                 108,            0.022043,            0.015939,           0.0019363,             0.98239,             0.98889,             0.99162,              0.8807,           0.0083417,           0.0073451,          0.00079554,           0.0050062,           0.0050062,           0.0050062
                 109,            0.021543,             0.01549,             0.00129,             0.97686,             0.99089,             0.99336,             0.84963,           0.0096715,           0.0071649,          0.00076191,            0.004936,            0.004936,            0.004936
                 110,            0.024514,            0.015775,           0.0020609,             0.98137,             0.99091,             0.99242,             0.88515,           0.0077904,           0.0068664,          0.00069884,           0.0048659,           0.0048659,           0.0048659
                 111,              0.0242,            0.016023,           0.0013791,             0.98934,              0.9823,             0.99165,             0.86795,           0.0099109,           0.0068345,          0.00073219,            0.004796,            0.004796,            0.004796
                 112,            0.024328,             0.01549,           0.0023173,              0.9761,             0.99091,             0.99387,             0.86855,            0.010394,           0.0069108,           0.0007376,           0.0047263,           0.0047263,           0.0047263
                 113,            0.022063,            0.016962,           0.0018381,              0.9744,             0.99972,             0.99324,             0.87475,           0.0082582,           0.0069706,          0.00078878,           0.0046568,           0.0046568,           0.0046568
                 114,            0.023776,            0.016857,           0.0017324,             0.98234,             0.98562,              0.9928,             0.89051,           0.0079567,           0.0066641,          0.00077211,           0.0045875,           0.0045875,           0.0045875
                 115,            0.023158,            0.015649,           0.0051393,             0.98731,             0.99138,             0.98608,             0.87807,           0.0075898,           0.0070965,           0.0008051,           0.0045184,           0.0045184,           0.0045184
                 116,            0.020319,            0.016206,           0.0019566,             0.99015,             0.99138,             0.98394,             0.88148,           0.0072798,           0.0068423,          0.00082977,           0.0044495,           0.0044495,           0.0044495
                 117,            0.022334,            0.016187,           0.0033774,             0.99016,             0.99138,             0.98594,              0.8843,            0.007771,           0.0067789,          0.00086603,           0.0043809,           0.0043809,           0.0043809
                 118,            0.020744,            0.016194,           0.0021033,             0.97412,             0.99077,              0.9881,             0.88948,           0.0068655,           0.0066949,          0.00092712,           0.0043126,           0.0043126,           0.0043126
                 119,            0.020509,            0.015893,           0.0025085,             0.97479,              0.9909,             0.99114,             0.87969,           0.0076937,            0.006955,          0.00083884,           0.0042445,           0.0042445,           0.0042445
                 120,            0.017545,            0.015531,            0.002795,             0.98141,             0.99091,             0.99147,             0.89305,           0.0065861,           0.0068469,          0.00067424,           0.0041768,           0.0041768,           0.0041768
                 121,             0.01907,            0.015408,           0.0016315,             0.98877,             0.99091,             0.99356,             0.90156,           0.0070513,           0.0068827,          0.00058956,           0.0041094,           0.0041094,           0.0041094
                 122,             0.01979,             0.01604,            0.001611,             0.99955,              0.9813,             0.99483,             0.89295,           0.0065918,           0.0068374,          0.00056527,           0.0040424,           0.0040424,           0.0040424
                 123,            0.018204,            0.015727,           0.0040087,             0.98255,             0.99773,             0.99483,              0.9071,           0.0069785,           0.0072006,          0.00053566,           0.0039757,           0.0039757,           0.0039757
                 124,             0.01914,            0.016183,           0.0017074,              0.9891,             0.99136,             0.99465,             0.88547,           0.0077814,           0.0071739,          0.00057248,           0.0039094,           0.0039094,           0.0039094
                 125,             0.01867,            0.015476,           0.0027679,             0.98489,             0.99998,             0.99491,             0.90754,           0.0064698,           0.0069346,          0.00049998,           0.0038434,           0.0038434,           0.0038434
                 126,            0.020566,            0.015842,           0.0015077,             0.99924,                   1,               0.995,             0.90711,           0.0069329,           0.0070869,          0.00042216,           0.0037779,           0.0037779,           0.0037779
                 127,             0.01766,            0.015453,           0.0019339,             0.99426,             0.99997,               0.995,             0.90812,           0.0065738,            0.006686,          0.00043059,           0.0037128,           0.0037128,           0.0037128
                 128,            0.017734,            0.015354,           0.0012405,             0.99918,             0.99997,               0.995,             0.90002,            0.007164,            0.007446,          0.00042884,           0.0036482,           0.0036482,           0.0036482
                 129,            0.016448,            0.014123,           0.0034146,             0.98423,             0.99999,             0.99455,             0.90773,           0.0067951,           0.0066615,          0.00052532,            0.003584,            0.003584,            0.003584
                 130,            0.017508,            0.015958,           0.0014885,             0.99026,             0.99997,             0.99491,             0.91159,           0.0065886,           0.0064795,          0.00044621,           0.0035203,           0.0035203,           0.0035203
                 131,            0.019977,            0.015063,           0.0012963,             0.99796,             0.99089,             0.99491,             0.90131,            0.006818,           0.0064346,          0.00041178,            0.003457,            0.003457,            0.003457
                 132,            0.018665,            0.014239,           0.0024281,             0.99096,             0.99091,             0.99483,              0.8981,           0.0067617,           0.0063339,          0.00042694,           0.0033943,           0.0033943,           0.0033943
                 133,            0.018677,             0.01492,            0.002355,             0.99115,              0.9909,             0.99466,             0.90429,           0.0065873,           0.0061956,          0.00045227,           0.0033321,           0.0033321,           0.0033321
                 134,             0.01612,            0.014339,           0.0013223,             0.99102,             0.99091,             0.99466,             0.87751,           0.0082208,           0.0064995,          0.00044163,           0.0032704,           0.0032704,           0.0032704
                 135,            0.017274,            0.014846,           0.0011946,             0.99981,             0.98192,             0.99483,             0.90824,           0.0060848,           0.0065481,          0.00042736,           0.0032093,           0.0032093,           0.0032093
                 136,            0.016726,            0.014779,           0.0012745,              0.9876,             0.99138,             0.99465,             0.91206,           0.0069448,           0.0065061,          0.00045285,           0.0031488,           0.0031488,           0.0031488
                 137,            0.017892,            0.014456,            0.002559,             0.98976,             0.99138,             0.99465,             0.91167,           0.0058742,           0.0062359,          0.00045616,           0.0030888,           0.0030888,           0.0030888
                 138,            0.017815,            0.014506,           0.0020765,             0.99998,             0.98137,             0.99483,             0.88027,           0.0082114,           0.0066722,          0.00043056,           0.0030294,           0.0030294,           0.0030294
                 139,            0.015657,            0.015183,           0.0015177,             0.98984,             0.99089,             0.99466,             0.91584,           0.0061929,           0.0062385,          0.00046257,           0.0029706,           0.0029706,           0.0029706
                 140,            0.014668,            0.014217,           0.0014449,             0.98759,             0.99091,             0.99449,             0.90236,           0.0064879,           0.0060369,           0.0004892,           0.0029125,           0.0029125,           0.0029125
                 141,             0.01423,            0.013558,           0.0012866,             0.98667,              0.9909,             0.99466,             0.90955,           0.0064684,           0.0062602,          0.00046906,            0.002855,            0.002855,            0.002855
                 142,            0.014632,            0.014687,           0.0012211,             0.98883,             0.99091,             0.99466,             0.88927,           0.0077084,           0.0061487,          0.00042116,           0.0027981,           0.0027981,           0.0027981
                 143,            0.015846,            0.013415,           0.0025948,                   1,             0.99345,               0.995,             0.90998,           0.0069269,           0.0062102,          0.00036024,           0.0027419,           0.0027419,           0.0027419
                 144,            0.016192,            0.014699,           0.0012744,             0.99705,             0.99997,               0.995,             0.91634,           0.0058736,           0.0061691,          0.00030701,           0.0026864,           0.0026864,           0.0026864
                 145,            0.015154,            0.015646,           0.0016528,             0.99689,                   1,               0.995,             0.90667,           0.0064317,           0.0061639,          0.00028779,           0.0026316,           0.0026316,           0.0026316
                 146,            0.015058,            0.014018,            0.001039,             0.99538,             0.99999,               0.995,             0.91308,           0.0057023,           0.0058895,          0.00027959,           0.0025775,           0.0025775,           0.0025775
                 147,            0.017157,            0.014747,           0.0011573,             0.99489,                   1,               0.995,             0.90143,           0.0060385,           0.0059686,          0.00027258,           0.0025241,           0.0025241,           0.0025241
                 148,            0.016407,            0.013966,           0.0012529,             0.99416,             0.99999,               0.995,             0.88876,           0.0064827,           0.0060954,           0.0002648,           0.0024714,           0.0024714,           0.0024714
                 149,            0.016468,            0.013956,            0.001711,             0.99628,             0.99999,               0.995,              0.9056,           0.0058885,           0.0061119,          0.00025065,           0.0024195,           0.0024195,           0.0024195
                 150,            0.015705,             0.01385,          0.00096751,             0.99903,             0.99999,               0.995,             0.90614,           0.0058549,           0.0062727,          0.00025195,           0.0023684,           0.0023684,           0.0023684
                 151,            0.015995,            0.014655,            0.001227,                   1,             0.99915,               0.995,             0.90263,           0.0062213,           0.0063753,          0.00025472,            0.002318,            0.002318,            0.002318
                 152,            0.016294,            0.013968,          0.00081901,             0.98568,             0.99999,             0.99492,             0.90721,             0.00566,           0.0061284,          0.00028047,           0.0022684,           0.0022684,           0.0022684
                 153,             0.01505,             0.01273,           0.0017908,             0.98643,             0.99999,             0.99492,             0.91066,           0.0061219,           0.0063303,          0.00026939,           0.0022196,           0.0022196,           0.0022196
                 154,            0.016634,            0.014124,           0.0011247,             0.98586,             0.99999,             0.99492,             0.90382,           0.0067116,           0.0061329,          0.00027673,           0.0021717,           0.0021717,           0.0021717
                 155,             0.01683,            0.013664,           0.0012433,             0.99824,             0.99092,               0.995,             0.91246,           0.0057352,           0.0059555,          0.00024254,           0.0021245,           0.0021245,           0.0021245
                 156,            0.015207,             0.01347,          0.00087131,              0.9937,             0.99997,               0.995,             0.90254,           0.0066187,            0.006138,          0.00021655,           0.0020782,           0.0020782,           0.0020782
                 157,            0.015188,            0.013233,           0.0010587,             0.99668,                   1,               0.995,             0.90748,           0.0061787,           0.0060547,          0.00020699,           0.0020327,           0.0020327,           0.0020327
                 158,            0.015631,            0.013026,           0.0029028,             0.99697,                   1,               0.995,             0.91269,           0.0060012,           0.0059525,          0.00020877,           0.0019881,           0.0019881,           0.0019881
                 159,            0.014443,            0.013136,           0.0009407,             0.98984,             0.99998,               0.995,             0.89494,           0.0068618,           0.0060258,          0.00022902,           0.0019443,           0.0019443,           0.0019443
                 160,            0.012916,            0.012234,           0.0010689,             0.98682,             0.99998,               0.995,             0.91513,           0.0058674,           0.0059855,           0.0002449,           0.0019014,           0.0019014,           0.0019014
                 161,            0.013065,            0.013561,           0.0010105,             0.98757,                   1,               0.995,             0.91644,           0.0056938,           0.0057774,          0.00022866,           0.0018594,           0.0018594,           0.0018594
                 162,            0.014722,             0.01293,           0.0010527,             0.98973,             0.99999,               0.995,             0.91059,           0.0062028,           0.0059634,          0.00021091,           0.0018183,           0.0018183,           0.0018183
                 163,            0.014534,            0.013559,            0.001891,             0.99145,             0.99998,               0.995,             0.91126,           0.0058369,           0.0060768,          0.00020185,           0.0017781,           0.0017781,           0.0017781
                 164,            0.013893,            0.013437,           0.0013707,             0.99012,             0.99999,               0.995,             0.91286,           0.0056247,           0.0060178,          0.00020352,           0.0017389,           0.0017389,           0.0017389
                 165,            0.013854,            0.013576,          0.00077463,             0.99762,             0.99092,               0.995,             0.91359,           0.0059519,           0.0058552,          0.00022964,           0.0017005,           0.0017005,           0.0017005
                 166,            0.013002,            0.013247,           0.0013417,             0.99425,              0.9909,               0.995,             0.92964,           0.0055146,           0.0057564,          0.00025961,           0.0016631,           0.0016631,           0.0016631
                 167,             0.01473,            0.013084,          0.00094868,             0.98425,             0.99999,               0.995,             0.91532,           0.0058471,           0.0060122,          0.00027345,           0.0016267,           0.0016267,           0.0016267
                 168,            0.013415,            0.013153,           0.0012689,             0.99991,             0.98888,               0.995,              0.9251,           0.0055891,           0.0059324,          0.00024489,           0.0015912,           0.0015912,           0.0015912
                 169,            0.015961,            0.013858,           0.0012814,                   1,             0.99212,               0.995,              0.9291,           0.0054534,           0.0058343,          0.00021232,           0.0015566,           0.0015566,           0.0015566
                 170,             0.01386,            0.012702,           0.0012047,                   1,             0.99537,               0.995,             0.92292,            0.005556,           0.0058739,          0.00019972,           0.0015231,           0.0015231,           0.0015231
                 171,            0.013318,            0.012948,           0.0015639,                   1,             0.99308,               0.995,             0.92433,           0.0055126,           0.0058918,          0.00020761,           0.0014905,           0.0014905,           0.0014905
                 172,             0.01349,            0.013941,          0.00084184,                   1,             0.99198,               0.995,              0.9102,           0.0059854,           0.0059323,          0.00022398,           0.0014589,           0.0014589,           0.0014589
                 173,            0.013323,            0.012563,           0.0010302,             0.99999,             0.99196,               0.995,             0.92283,           0.0054569,           0.0059455,          0.00022978,           0.0014283,           0.0014283,           0.0014283
                 174,            0.012968,            0.012636,           0.0029481,                   1,             0.99333,               0.995,             0.91284,           0.0056967,           0.0058664,          0.00021785,           0.0013987,           0.0013987,           0.0013987
                 175,             0.01476,            0.013002,          0.00085479,                   1,             0.99649,               0.995,             0.92589,           0.0054454,           0.0056809,          0.00019904,           0.0013701,           0.0013701,           0.0013701
                 176,            0.014155,            0.013141,           0.0011692,             0.99999,             0.99915,               0.995,             0.92317,           0.0053184,           0.0055736,          0.00018766,           0.0013425,           0.0013425,           0.0013425
                 177,            0.012568,             0.01325,          0.00084549,             0.99999,             0.99436,               0.995,             0.92024,           0.0056598,           0.0056956,          0.00019895,            0.001316,            0.001316,            0.001316
                 178,            0.012394,            0.013069,           0.0011359,                   1,             0.99362,               0.995,             0.91854,           0.0055954,           0.0056642,          0.00020382,           0.0012905,           0.0012905,           0.0012905
                 179,            0.014193,             0.01239,          0.00089215,                   1,             0.99277,               0.995,             0.92106,           0.0054387,           0.0057481,          0.00020708,            0.001266,            0.001266,            0.001266
                 180,             0.01288,            0.013052,          0.00097907,                   1,             0.99289,               0.995,             0.92001,           0.0056494,           0.0058272,           0.0002051,           0.0012426,           0.0012426,           0.0012426
                 181,            0.012522,            0.012445,            0.001706,             0.99994,             0.99304,               0.995,             0.91928,           0.0054697,           0.0056645,          0.00018953,           0.0012202,           0.0012202,           0.0012202
                 182,            0.013138,            0.013967,          0.00090409,             0.99997,             0.99436,               0.995,             0.92098,           0.0055051,           0.0057099,          0.00016623,           0.0011989,           0.0011989,           0.0011989
                 183,            0.013931,            0.012776,           0.0011662,             0.99999,             0.99541,               0.995,             0.91926,           0.0055369,           0.0057003,          0.00015954,           0.0011787,           0.0011787,           0.0011787
                 184,            0.011909,            0.012553,          0.00075683,             0.99996,             0.99527,               0.995,             0.91936,           0.0055464,           0.0057824,          0.00016459,           0.0011595,           0.0011595,           0.0011595
                 185,            0.012341,            0.012618,           0.0010834,                   1,             0.99369,               0.995,             0.91321,           0.0058417,           0.0059512,          0.00016791,           0.0011414,           0.0011414,           0.0011414
                 186,            0.012724,            0.013358,          0.00081049,             0.99999,             0.99368,               0.995,             0.91384,           0.0058486,           0.0057804,          0.00017353,           0.0011243,           0.0011243,           0.0011243
                 187,            0.012564,            0.012619,          0.00076831,             0.99996,             0.99447,               0.995,             0.92139,           0.0054415,           0.0057398,          0.00016349,           0.0011084,           0.0011084,           0.0011084
                 188,            0.012786,            0.012331,           0.0011773,              0.9972,                   1,               0.995,             0.92148,           0.0054361,           0.0057388,          0.00015297,           0.0010935,           0.0010935,           0.0010935
                 189,            0.013341,            0.013138,            0.001036,                   1,             0.99461,               0.995,             0.91805,           0.0054365,            0.005688,          0.00015951,           0.0010797,           0.0010797,           0.0010797
                 190,            0.010786,            0.011775,          0.00092768,             0.99995,             0.99316,               0.995,             0.91666,           0.0056838,           0.0056891,           0.0001835,            0.001067,            0.001067,            0.001067
                 191,            0.012485,             0.01302,           0.0011275,             0.98623,                   1,             0.99492,             0.91614,           0.0057589,           0.0059316,          0.00020217,           0.0010554,           0.0010554,           0.0010554
                 192,            0.013509,            0.012411,          0.00075997,             0.98579,             0.99999,             0.99492,             0.91674,           0.0058136,           0.0058877,          0.00020916,           0.0010449,           0.0010449,           0.0010449
                 193,             0.01294,             0.01257,           0.0010433,             0.98547,             0.99999,             0.99492,             0.91903,           0.0054934,           0.0057639,          0.00021424,           0.0010355,           0.0010355,           0.0010355
                 194,            0.013422,            0.012506,           0.0033095,             0.98478,             0.99999,             0.99492,             0.91749,           0.0055276,            0.005747,          0.00022925,           0.0010272,           0.0010272,           0.0010272
                 195,            0.011929,             0.01263,          0.00073983,             0.98471,             0.99999,             0.99492,             0.91539,             0.00574,           0.0058837,          0.00022977,             0.00102,             0.00102,             0.00102
                 196,            0.012819,            0.012666,          0.00067859,             0.98496,                   1,             0.99492,             0.91472,           0.0054044,           0.0057466,          0.00021832,           0.0010139,           0.0010139,           0.0010139
                 197,             0.01208,             0.01324,          0.00092427,             0.98557,                   1,             0.99492,             0.91291,           0.0056393,           0.0056339,          0.00020213,           0.0010089,           0.0010089,           0.0010089
                 198,            0.013583,            0.013872,          0.00093334,             0.98563,             0.99999,             0.99492,             0.91606,           0.0056113,           0.0056746,          0.00019825,            0.001005,            0.001005,            0.001005
                 199,            0.013099,            0.012592,           0.0010881,             0.98517,             0.99999,             0.99492,             0.92025,           0.0056861,           0.0057649,          0.00020707,           0.0010022,           0.0010022,           0.0010022
